good evening|مَساع الخَيْر||phrase|||
pleased to meet you|فُرْصة سَعيدة|||||
excuse me/you’re welcome|عَفْواً|||||
fine, well|بِخَيْر|||||
tired|تَعْبان|||||
perfect, great|تَمام|||||
news|خَبَر|أخْبار||||
left|شِمَال|||||
right|يَمِين|||||
what’s new? what’s going on?|ما أخْبلرُك؟|||||
how are you?|كَيفَ الحال؟|||||
where?|أَيْنَ|||||
capital|عاصِمة|عواصِم||||
television|تِلفاز|تِلفازات||||
newspaper|جَريدَة|جَراءِد||||
computer|حاسوب|حَواسين||||
you (m/f dual)|أنْتُما|||||
you (m pl)|أنْتُمْ|||||
you (f pl)|أنتُنَّ|||||
they (m/f dual)|هُما|||||
they (m pl)|هُمْ|||||
they (f pl)|هَنَّ|||||
we|نَحْنُ|||||
at, expresses possesion|عِندَ|||||
relative adjective|نِسْبَة|||||
state|وِلايَة|وِلايات||||
bicycle|دَرّاجَة|دَرّاجات||||
notebook|دَفتَر|دَفاتِر||||
watch, clock|ساعَة|ساعات||||
car|سَيّارَة|سَيّارات||||
pen, pencil|قَلَم|أقلام||||
book|كِتاب|كُتُب||||
town, city|مَدينَة|مُدُن||||
tape recorder|مُسَجَّلة|مُسَجَّلات||||
key|مِفْتاح|مَفاتيح||||
eyeglasses|نَظّارة|نَظّارات||||
telephone|هاتِف|هَواتِف|||m|
door|باب|أبْواب|||m|
calculator|حاسِبة|حاسِبات|||f|
bag|حَقيبة|حَقاءِب|||f|
picture|صورة|صُوَر|||f|
table|طاوِلة|طاوِلات|||f|
chair|كُرسِيّ|كَراسٍ|||m|
blackboard|لوْح|ألواح|||m|
pencil sharpener|مِبراة|مَبارٍ/مِبْرَيات|||f|
ruler|مِسْطَرة|مَساطِر|||f|
eraser|مِمْحاة|مَماحٍ/مِمْحَيات|||f|
window|نافِذة|نَوافِذ|||f|
sheet of paper|وَرَقة|وَرَقات|||f|
in front of|أمامَ|||||
behind|خَلْفَ|||||
beside|بِجانِب|||||
under|تَحْتَ|||||
over|فَوْقَ|||||
between|بَيْنَ|||||
in|في|||||
a little bit; slightly|قَليلاً|||||
professor, teacher|أسْتاذ|أساتِذَة|noun||m|1
too, also|أيْضاً||adv|||1
on, in, by, with, for|بِ||prep|||1
to learn|تَعَلَّمَ||verb|||1
university|جامِعَة|جامِعات|noun||f|1
side|جانِب||noun||m|1
wall|جَدار|جُدْران|noun||m|1
Aleppo|حَلَب||noun|places|f|1
mathematics, calculus|رياضِيّات||noun||f|1
of the sun, solar|شّمْسِيّ||adj|||1
thing|شَيء|أشْياء|noun||m|1
class|صَفّ|صُفوف|noun||m|1
male student|طالِب|طُلاّب|noun||m|1
female student|طالِبة|طالِبات|noun||f|1
on|عَلى||prep|||1
room|غُرْفَة|غُرَف|noun||f|1
you’re welcome/excuse me|عَفْواً||phrase|||1
of the moon, lunar|قَمَريّ||adj|||1
but (weak version)|لكِنْ||conj|||1
but (strong version)|لكِنَّ|||||1
if you would; please|لَوسَمَحْت|||||1
not|لَيْسَ|||||1
place; store|مَحَلّ||noun||m|1
with|مَعَ||conj|||1
found|مَوْجود||noun||m|1
there, there is/are|هُناكَ|||||1
and|وَ||conj|||1
literature|أدَب|آداب|||m|2
ground|أرْض|أراضٍ|||f|2
those (pl, dem)|أولائِكَ|||||2
house, home|بَيْت|بُيوت|||m|2
those (dual, nom)|تانِكَ|||||2
trade, business, commerce|تحِبارة||||f|2
that (sing, nom)|تِلكَ||||f|2
those (dual, acc/gen)|تَيْنِكَ|||||2
right, law|حَقّ|حُقوق|||m|2
that|ذلِكَ||||m|2
sport|رِياضَة|رِياضات|||f|2
of sports|رياضِيّ|||||2
medicine|طِبّ||||m|2
a number of, several|عِدَّةُ|||||2
science, discipline|عِلْم|عَلوم|||m|2
of science, scientific|عِلميّ|||||2
college|كُلّيَّة|كُلّيات|||f|2
language|لُغَة|لُغات|||f|2
of language, linguistic|لُغَويّ|||||2
laboratory|مُخْتبر|مُخْتبرات|||m|2
swimming pool|مَسْبَح|مَسابِح|||f|2
office|مَكْتَب|مَكاتِب|||m|2
library; bookstore; bookcase|مَكْتَبة|مَكْتَبات|||f|2
playground, sports field|مَلْعَب|مَلاعِب|||m|2
these (dual, nom)|هاتانِ||||f|2
these (dual, acc/gen)|هاتَيْنِ||||f|2
these (dual, nom)|هذانِ||||m|2
these (dual, acc/gen)|هذَيْنِ||||m|2
engineering|هَنْدَسَة||||f|2
these (pl)|هؤُلاءِ||||m|2
sorry (m, f)|آسِف، آسِفة|||||3
or (particle used in questions)|أَمْ|||||3
woman|اِمرأة|نِساء|noun||f|3
now|الآنَ|||||3
or (used with statements)|أو|||||3
card|بِطاقة|بِطاقات|||f|3
small town|بَلْدة|بَلْدات|||f|3
man|رَجُل|رِجال||||3
number|رَقْم|أرْقام|||m|3
plus|زاءِد||||m|3
to equal|سَكَنَ (يَسْكُنُ) سَكَن||verb|||3
to live, to reside|ساوى (يُساوي) مُساواة||verb|||3
(student) living, residence, dormitory|سَكَنُ (الطُلاّبِ)||||m|3
street|شارع|شَوارع|||m|3
to want, will|شاءَ (يَشاءُ) مَشيءة||verb|||3
apartment|شَقّة|شُقَق|||f|3
to know|عَرَفَ (يَعرِقُ) مَعْرِفة||verb|||3
address|عُنوان|عَناوين|||m|3
word|كَلِمَة|كَلِمات|||f|3
what (question particle used in front of nouns)|ما|||||3
what (used with verbs)|ماذا|||||3
married|مُتَزَوَّج|مُتَزَوَّجون|||m|3
meaning|مَعْنى|مَعانٍ/المعاني|||m|3
minus|ناقِص||||m|3
identity|هُوِيّة|هُوِيّات|||f|3
Japanese (language)|اليابانِيَّة||||f|3
biology|أحْياء|||||
rather, but|بَلْ|||||
building|بِناية|بِنايات|||f|
closet, cupboard|خِزانة|خَزاءِن/خِزانات|||f|
to study|دَرَسَ (يَدرُسُ) دِراسة/دَرْس||verb|||
bed|سَرير|أسِرّة|||m|
small; young|صَغير||||f|
school subject, course|مادّة|مَوادّ|||f|
with (someone; not thing)|مَعَ|||||
middle|وُسْطى||||f|
father|أب|آباء||||
elementary|ابْتِداءيّ|||||
son|ابْنٌ|أبْناء||||
daughter|ابْنَة|بَنات||||
brother|أَخ|إخوة||||
sister|أُخْت|أَخَوات||||
mother|أُمّ|أُمَّهات||||
English|إنْكليزيّ|||||
first|أوَّل|أواءِل|||m|
girl|بِنْت|بَنات||||
ninth|تاسِع|||||
second|ثانٍ (الثاني)||||m|
third|ثالِث|||||
eighth|ثامِن|||||
fifth|خامِس|||||
of school, academic|دِراسِيّ|||||
fourth|رابع|||||
husband|زَوْج|أزْواج||||
wife|زَوْجَة|زَوْجات||||
seventh|سابع|||||
sixth|سادِس|||||
small; young|صَغير||||m|
child|طِفْل|أطْفال|||m|
tenth|عاشِر|||||
nuclear family|عائِلَة|عائِلات||||
(academic) term, season|فَصْل|فُصول||||
only; no more than|فَقَطْ|||||
physics|فيزياء||||f|
big|كَبير|||||
chemistry|كيمياء||||f|
nice|لَطيف|||||
who|مَنْ|||||
sole, only|وَحيد|وَحيدون|||m|
boy|وَلَد|أَوْلاد|||m|
to be able|اِسْتَطاعَ (يَسْتَطِيعُ) اِسْتِطاعة||verb|||
sorry (m & f)|آسِف/آسِفة|||||
God knows|الله أعْلَم|||||
librarian|أمينُ/أمينةُ مَكتَبةٍ|||||
program|بَرنامَج|بَرامِج|||m|
to speak|تَكَلَّمَ (يَتَكَلَّمُ) تَكَلُّم||verb|||
abundant|جَزيلاً|||||
good|جَيِّد|||||
well|جَيِّداً|||||
where, when|حَيْثُ|||||
pharmacology|صَيْدَلَة||||f|
knowledgeable|عَليم|||||
group of ten|عَقْد|عُقود||||
little|قَليل|||||
a little|قَليلاً|||||
to, for, by|ل|||||
don’t worry about it|لا شُكْرَ على واجِب|||||
boss; director|مُدير|مُدَراء|||m|
help, assistance|مُساعَدة|||||
agreement|مُوافَقَة|||||
worker; employee|مُوَظَّف|مُوَظَّفون|||m|
hundred|مِئة|مِئات|||f|
you are able|يُمْكِنُكَ|||||
to like|أحَبَّ (يُحِبُّ) جُبّ، مَحَبّة||verb|||
sometimes|أحياناً|||||
to want|أرادَ (يُريدَ) إرادة||verb|||
to give|أعطى (يُعطي) أَعْطِ||verb|||
giving|إعْطاء|||||
which|أيُّ/أيّةُ|||||
to sell|باعَ (يَبيعُ) بَيْع||verb|||
if you please|تَفَضَّلْ/تَفَضَّلي|||||
usually|عادَةً|||||
to do|فَعَلَ (يَفعَلُ) فِعْل||verb|||
to read|قَرَأَ (يَقرَأُ) قِراءة||verb|||
nearby, close|قُرْب|||||
to write|كَتَبَ (يَكْتُبُ) كِتابة||verb|||
magazine|مَجَلَّة|مَجَلاّت|||f|
please|مِنْ فَضْلِك|||||
to bring|أحْضَرَ (يُحْضِرُ) إحْضار||verb|||
rice|أرُزّ||||m|
to eat|أكَلَ (يأكُلُ) أكْل||verb|||
orange|بُرتُقال||||m|
egg|بَيْض||||m|
Come here!|تَعالَ/تَعالي|||||
apple|تُفّاح||||m|
to eat; to take; to reach for something|تَناوَلَ (يَتَناوَلُ) تَناوُل||verb|||
cheese|جُبْن|أجْبان|||m|
to sit|جَلَسَ (يَجلِسُ) جُلوس (اِجلِسْ)||verb|||
ready, all set|حاضِر|||||
grain, cereal|حَبّ|حُبوب|||m|
very well, okay (a response denoting agreement)|حَسَناً|||||
to prepare|حَضَّرَ (يُحَضِّرُ) تَحضير||verb|||
milk|حَليب||||m|
bread|خُبْز||||m|
vegetables, greens|خَضْراوات||||f|
light|خَفيف|||||
pig, swine|خِنزير|خَنازير|||m|
chicken|دَجاج||||m|
without|دونَ|||||
butter|زُبْدة||||f|
wild thyme|زَعتَر||||m|
olive|زَيْتون||||m|
sugar|سُكَّر||||m|
salad|سَلَطة|سَلَطات|||f|
tea|شاي||||m|
to drink|شَرِبَ (يَشْرَبُ) شُرْب||verb|||
morning|صَباح||||m|
falafel (Egypt)|طَعْمِيّة||||f|
noon|ظُهْر||||m|
honey|عَسَل||||m|
juice|عَصير||||m|
breakfast|فَطور||||m|
falafel (Syria)|فُلفُل|فَلافِل|||m|
cup|فِنْجان|فَناجين|||m|
fava beans|فول||||m|
piece|قِطْعة|قِطَع|||f|
coffee|قَهْوة||||f|
glass|كَأس|كُؤوس|||f|
a great deal|كَثيراً|||||
meat|لحْم|لُحوم|||m|
What’s your opinion?|ما رأيُك|||||
water|ماء|مِياه|||m|
when|حينَ|||||
jam, preserve|مُرَبّى|مُرَبَّيات|||m|
boiled|مَسْلوق|||||
evening|مَساء||||m|
kitchen|مَطْبَخ|مَطابِخ|||m|
restaurant|مَطْعَم|مَطاعِم|||m|
cafeteria|مَقْصَف|مَقاصِف|||m|
agree|مُوافِق|||||
one|أحَد|آحاد|||m|
to wake up|اِسْتَيْقَظَ (يَسْتَيْقِظُ) اِسْتَيقاظ||verb|||
statistics|إحْصاء||||m|
to end|انْتَهى (يَنْتَهي) اِنْتِهاء (مِن)||verb|||
except, minus|إلاّ|||||
thousand|ألْف|آلاف|||m|
to begin|بَدَأ (يَبْدأُ) بِداية||verb|||
after|بَعْدَ|||||
a third|ثُلْث|أثْلاث|||m|
conversation|حَديث|أحاديث|||m|
hummus|حِمَّص||||m|
minute|دَقيقَة|دَقائِق|||f|
international|دَوْلِيّ||||m|
quarter|رُبْع|أرْباع|||m|
o’clock, hour|ساعَة|ساعات|||f|
relation|عَلاقة|عَلاقات|||f|
to mean|عَنى (يَعْني)||verb|||
kebab|كَباب||||m|
united|مُتَّحِد||||m|
accounting|مُحاسَبة||||f|
time, appointment|مَوْعِد|مَواعيد|||m|
to fall asleep, to sleep|نامَ (يَنامُ) نَوْم||verb|||
half|نِصْف|أنْصاف|||m|
here|هُنا|||||
alone, by himself|وَحْدَهُ|||||
The United States of America|الوِلاياتُ المُتَّحِدةُ الأمريكيّة|||||
immediate (parents, siblings) and extended family|أسْرة|أسَر||||
Germany|ألمانيا||||f|
German|ألمانيّ|||||
Pakistan|الباكِسْتان||||f|
secondary|ثانَوِيّ|||||
new|جَديد|جُدُد|||m|
beautiful, good-looking|جَميل|ون||||
modern|حَديث|||||
house|دار|دور|||f|
chicken|دَجاج||||m|
study|دِراسة|دِراسات|||f|
to go|ذَهَبَ (يَذْهَبُ) ذَهاب||verb|||
driver, chauffer|سائِق|سائقون|||m|
market|سوق|أسْواق|||f|
friend|صَديق|أصْدِقاء|||m|
small child, young child|صَغير|صِغار|||m|
tall|طَويل|طِوال|||m|
family that one supports|عائلة|عوائِل/عائلات|||f|
cord used to hold a headdress in place|عِقال|عُقُل|||m|
to work|عَمِلِ (يَعْمَلُ) عَمَل||verb|||
a man’s headdress|غُتْرة|غُتَر/غُترات|||f|
girl, young woman|فَتاة|فَتَيات|||f|
old, ancient|قَديم|قُدَماء||||
short|قَصير|قِصار|||m|
powerful, strong|قَويّ|أقوِياء||||
big, large; old (in age)|كَبير|كِبار||||
headdress|كوفِيّة|كوفيّات|||f|
to wear|لَبِسَ (يَلبَسُ) لُبْس||verb|||
particle used negate past-tense verbs|ما|||||
engine, motor|مُحَرِّك|مَحَرِّكات|||f|
handsome|وَسيم|ون|||m|
India|الهِنْد||||f|
Japan|اليابان||||f|
August|آب||||m|
to come|جاء (يَجيءُ) مَجيء||verb|||
Monday|الإثْنَين||||m|
Sunday|الأَحَد||||m|
March|آذار||||m|
Wednesday|الأرْبِعاء||||m|
week|أُسْبوع|أَسابيع|||m|
to buy|اِشتَرى (يَشتري) شِراء||verb|||
certainly, surely|أكيد|||||
yesterday|أَمْسِ|||||
that (after verbs similar to “think”)|أَنَّ|||||
that (after the verb for “say”)|إنَّ|||||
God willing, hopefully|إنْ شاءَ الله|||||
May|أيّار||||m|
September|أَيْلول||||m|
some|بَعْض|||||
October|تِشرين الأوَّل||||m|
November|تِشرين الثاني||||m|
to be acquainted with|تَعَرَّفَ (بَتَعَرَّفُ) تَعَرُّف|على|verb|||
calendar|تَقويم|تَقاويم|||m|
July|تَمّوز||||m|
Tuesday|الثُلاثاء||||m|
to come|جاء (يَجيءُ) مَجيء||verb|||
sitting|جُاوس|||||
Islamic month (jumAdi al-Aghira)|جُمادى الآخِرة||||f|
Islamic month (jumAdi al-‘Ula)|جُمادى الأولى||||f|
Friday|الجُمعة||||m|
till, until|حَتّى|||||
June|حَزيران||||m|
when|حينَ|||||
Thursday|الخَميس||||m|
lesson|دَرْس|دُروس|||m|
Islamic month (thu al-Hijja)|ذو الحِجّة||||m|
Islamic month (thu al-qi’da)|ذو القِعدة||||m|
wonderful, awesome|رائع|||||
Islamic month (rabi al-Aghira)|رَبيع الآخِر||||m|
Islamic month (rabi al-‘Awwal)|رَبيع الأوَّل||||m|
Islamic month (rajab)|رَجَب||||m|
Islamic month (ramaDAn)|رَمَضان||||m|
to visit|زارَ (يَزورُ) زِيارة||verb|||
shall, will (future particle)|سَوْفَ|||||
Saturday|السَبْت|||||
year|سَنة|سَنَوات/سُنون|||f|
shall, will (future particle)|سَوْفَ|||||
February|شُباط||||m|
bed sheet|شَرْشَف|شَراشِف|||m|
Islamic month (sha’bAn)|شَعبان||||m|
month|شَهْر|أشْهُر/شُهور|||m|
Islamic month (shawwAl)|شَوّال||||m|
Islamic month (Safar)|صَفَر||||m|
guest|ضَيْف|ضُيوف|||m|
airplane|طائِرة|طائِرات|||f|
to think, to believe|ظَنَّ (يَظُنُّ)||verb|||
tomorrow|غَداً|||||
hotel|فُنْدُق|فَنادِق|||m|
to meet|قابَلَ (يُقابِلُ) مُقابَلة||verb|||
to say|قالَ (يَقولُ) قَوْل||verb|||
before|قَبْلَ|||||
close, near|قَريب|||||
shirt|قَميص|قُمْصان|||m|
to be (was, were)|كانَ (يَكونُ) كَوْن||verb|||
December|كانون الأوَّل||||m|
January|كانون الثاني||||m|
objection|مانِع|||||
enthusiastic|مُتَحَمِّس|||||
Islamic month (muHarram)|مُحَرَّم||||m|
to walk|مَشى (يَمْشي) مَشي||verb|||
airport|مَطار|مَطارات|||m|
to sleep|نامَ (يَنامُ) نَوم||verb|||
to stay (in a place)|نَزَلَ (يَنْزِلُ) نُزول||verb|||
sleeping|نَوْم|||||
April|نيسان||||m|
pillow|وِسادة|وَسائِد|||f|
to arrive, to reach a destination|وَصَلَ (يَصِلُ) وُصول||verb|||
day|يَوْم|أيّام|||m|
today|اليَوْم|||||
diary, daily journal|يَوْمِيّة|يومِيّات||||
green|خَضْراء|خُضْر|||m|
cold|بارِد||||m|
sea|بَحْر|بِحار|||m|
lake|بُحَيْرة|بُحَيْرات|||f|
some|بَعْض|||||
snow|ثَلْج|ثُلوج|||m|
hot|حارّ||||m|
heat|حَرارة||||f|
autumn|خَريف||||m|
green|خَضْراء|خُضْر|||f|
warm|دافِئ||||m|
degree (temperature), step|دَرَجة (حرارة)|دَرَجات|||f|
spring|رَبيع||||m|
wind|ريح|رِياح|||f|
flower|زَهْرة|زَهَرات/أزْهار|||f|
brilliant, shining|ساطِع||||m|
to swim|سَبَحَ (يَسْبَحُ) سِباحة||verb|||
to fall|سَقَط (يَسْقُطُ) سُقوط||verb|||
sky|سَماء|سَماوات|||f|
beach|شاطِئ|شَواطِئ|||m|
winter|شِتاء||||m|
tree|شَجَرة|شَجَرات|||f|
sun|شَمْس|شُموس|||f|
pure; clear, not cloudy|صافٍ، صافِية|||||
clear, fine (of weather)|صَحْوٌ||||m|
way, road|طَريق|طُرُق، طُرُقات|||f|
weather|طَقْس|طُقوس|||m|
worker, laborer|عامِل|عُمّال|||m|
Labor Day|عيد العُمّال|||||
cloudy, overcast|غائِم||||m|
rain cloud|غَيْمة|غُيوم|||f|
every, all, the whole|كُلّ|||||
color|لَوْن|ألْوان|||m|
night|لَيْل||||m|
rainy|ماطِر||||m|
rain|مَطَر|أمْطار|||m|
moderate|مُعْتَدِل|||||
most|مُعْظَم|||||
minus|ناقِص||||m|
daytime|نَهار||||m|
to bathe, to take a bath or shower|اسْتَحَمَّ (يَستَحِمُّ) استِحْمام||verb|||13
to move, to relocate|اِنتَقَلَ (يَنتَقِلُ) اِنْتِقال||verb|||13
in need of|بِحاجةٍ (إلى)||phrase|||13
program|بَرنامَج|بَرامِج|noun|other|m|13
tabouleh salad|تَبّولة||noun|food|f|13
then, and again|ثُمَّ||conj|||13
to prepare|جَهَّزَ (يُجَهِّزُ) تَجْهيز||verb|||13
bus, tram|حافِلة|حافِلات|noun|transportation|f|13
to prepare, to make|حَضَّرَ (يُحَضِّرُ) تَحْضير||verb|||13
to shave|حَلَقَ (يَحْلِقُ) حَلْق||verb|||13
bathroom|حَمّام|حمّامات|noun|household|f|13
news story|خَبَر|أخْبار|noun|other|m|13
vegetables|خُضرة|خُضَر|noun|food|f|13
chin (or beard, when shaving)|ذَقْن|ذُقون|noun|body|f|13
to organize|رَتّبَ (يُرَتِّبُ) تَرْتيب||verb|||13
to return, to go back|رَجَعَ (يَرْجِعُ) رُجوع||verb|||13
letter, message|رِسالة|رَسائِل|noun|other|f|13
tooth|سِنٌّ|أسْنان|noun|body|f|13
to watch|شاهَدَ (يُشاهِدُ) مُشاهَدة||verb|||13
soap|صابون||noun|other|m|13
plate|صَحْن|صُحون|noun|dishes|m|13
to return|عادَ (يَعودُ) عَوْدة||verb|||13
world|عالَم|عَوالِم|noun|other|m|13
break; vacation|عُطْلة|عُطْلات/عُطَل|noun|other|f|13
dinner|عَشاء|أعْشِية|noun|food|m|13
lunch|غَداء|أغْدِية|noun|food|m|13
to wash|غَسَلَ (يَغْسِلُ) غَسْل||verb|||13
to change something|غَيَّرَ (يُغَيِّرُ) تَغيير||verb|||13
brush|فُرْشاة|فَراشٍ|noun|other|f|13
breakfast|فَطور||noun|food|m|13
to spend time|قَضى (يَقضي) قَضاء||verb|||13
writing|كِتابة||noun|subjects||13
much, a great deal|كَثير|كَثيرون/كِثار|noun|common|m|13
because|ﻷَنَّ||particle|||13
yogurt|لَبَن||noun|food|m|13
why|لِماذا||particle|||13
one coming early|مُبَكِّر|مُبَكِّرون|noun|other|m|13
one coming late|مُتَأخِّر|مُتَأخِّرهن|noun|other|m|13
stewed|مٌدَمَّس||adj|||13
once, one occurrence|مَرّة|مَرّات|noun|common|f|13
show, (television) series|مُسَلسَل|مُسَلسَلات|noun|entertainment|m|13
watching|مٌشاهَدة||noun|||13
busy|مَشْغول|مَشْغولون|noun|other|m|13
together|مَعاً||adv|||13
paste|مَعْجون|مَعاجين|noun|other|m|13
fried|مَقليّ||adj|food||13
to forget|نَسِيَ (يَنسى) نِسْيان||verb|||13
to clean|نَظَّفَ (يُنَظِّفُ) تَنْظيف||verb|||13
to get up|نَهَضَ (يَنهَضُ) نُهوض||verb|||13
by God, I swear, really (used to add emphasis)|وَاللّهِ||phrase|||13
face|وَجْه|وُجوه|noun|body|m|13
hand|يَد|أيْدٍ|noun|body|f|13
rice|أرُزّ||noun|food|m|14
extended family|أُسْرة|أُسَر|noun|family|f|14
to wait|اِنتَظَرَ (يَنْتَظِرُ) اِنتِظار||verb|||14
onion|بَصَل||noun|food|m|14
neighborhood, borough|حَيّ|أحْياء|noun|locations|m|14
to visit|زارَ (يَزورُ) زِيارة||verb|||14
to do (Syrian colloquial)|سلوى (يساوي)||verb|||14
what (Syrian colloquial)|شو||particle|||14
journalism|صِحافة||noun|subjects|f|14
worker, laborer|عامِل|عُمّال|noun|occupations|m|14
colloquial|عاميّة||participle|||14
lentils|عَدَس||noun|food|m|14
break, vacation|عُطلة|عُطَل/عُطلات|noun|other|f|14
weekend|عُطْلَةُ نِهايَةِ اﻷُسْبوعِ||noun|times|f|14
mayor|عُمْدَة|عُمَد|noun|titles|m|14
celebration, festivity, feast day, holiday|عيد|أعْياد|noun|times|m|14
Labor Day|عيدُ العُمّال||noun|holidays||14
Classical Arabic (lit., "most eloquent")|فُصْحى||noun|languages||14
to prefer|فَضَّلَ (يُفَضِّل) تَفْضيل||verb|||14
train|قِطار|قِطارات|noun|transportation|m|14
arch|قَوْس|أقْواس|noun|other|m|14
lightly salted, partially dehydrated yogurt with olive oil|لَبَنة||noun|food|f|14
for this reason, therefore|لِذلِكَ||demonstrative|||14
station|مَحَطّة|مَحَطّات|noun|locations|f|14
crowded|مُزْدَحِم||adj|other||14
famous, well-known|مَشْهور|(ون), مَشاهير|adj|other||14
pasta, macaroni|مَعْكَرونة||noun|food|f|14
place of entertainment|مَلْهىً|مَلاهٍ|noun|entertainment|m|14
engineer|مُهَنْدِس|مُهَندِسون|noun|occupations|m|14
clean|نَظيف||adj|other|m|14
end|نِهاية|نِهايات|noun|common|f|14
to celebrate|اِحْتَفَلَ (يَحْتَفِلُ) اِحْتِفال بِـ||verb|||15
independence|اِسْتِقلال||noun|abstract|m|15
Islam|إسلام||noun|Islam|m|15
to move, to relocate|اِنتَقَلَ (يَنتَقِلُ) اِنْتِقال||verb|||15
country|بَلَد|بِلاد|noun|places|m|15
to graduate|تَخَرَّجَ (يتخرَّجُ) تَخَرُّج||verb|||15
education, upbringing|تَرْبِية||noun|other|f|15
instruction, education|تَعليم||noun|other|m|15
revolution|ثَوْرة|ثَورات|noun|other|f|15
pilgrimage|حَجّ||noun|Islam|m|15
dessert, sweets|حَلْوى|حَلوَيات|noun|food|f|15
special, particular (to)|خاصّ||adj|other||15
rooster|ديك|دِيَكة|noun|animals|m|15
turkey|ديك حَبَش||noun|food|m|15
with, of, owner of|ذو|ذَوو|noun|other|m|15
head|رأس|رُؤوس|noun|body|m|15
Ramadan, the month of fasting|رَمَضان||noun|Islam|m|15
to adorn, to decorate|زَيَّنَ (يُزَيِّنُ) تزيين||verb|||15
square, courtyard|ساحة|ساحات|noun|locations|f|15
to save, to protect|سَلَّمَ (يُسَلِّمُ) تَسْليم||verb|||15
age of a person|سِنّ||noun|common|m|15
to become|صارَ (يَصيرُ) صَيْر، صَيْرورة، مَصير||verb|||15
to fast|صامَ (يَصومُ) صوْم||verb|||15
to pray, to bless|صَلّى (يُصَلّي)||verb|||15
to manufacture, to make|صَنَعَ (يَصنَعُ) صِناعة||verb|||15
food|طَعلم|أطْعِمة|noun|food|m|15
phrase|عِبارة|عِبارات|noun|grammar|f|15
to be off from work|عَطّّلَ (يِعِطِّلُ) تَعْطيل||verb|||15
Feast of Immolation/sacrifice|عيدُ اﻷضْحى||noun|holidays|m|15
Thanksgiving|عيدُ الشُكْرِ||noun|holidays|m|15
Easter|عيدُ الفِصْحِ||noun|holidays|m|15
feast of breaking the Ramadan fast|عيدُ الفِطْرِ||noun|holidays|m|15
Christmas|عيدُ الميلاد||noun|holidays|m|15
dawn, daybreak|فَجْر||noun|times|m|15
pie|فَطيرة|فَطائِر|noun|food|f|15
pumpkin|قَرْع||noun|food|m|15
blessed|مُبارَك||noun|abstract|m|15
intermediate|مُتَوَسِّط||adj|common|m|15
director, manager|مُدير|مُدَراء|noun|occupations|m|15
Muslim|مُسْلِم|مُسْلِمون|noun|Islam|m|15
Christ|المَسيح||noun|religious|m|15
teacher|مُعَلِّم|مُعَلِّمون|noun|occupations|m|15
information|مَعلومة|مَعلومات|noun|other|f|15
sunset|مَغْرِب||noun|times|m|15
occasion|مُناسَبة|مُناسَبات|noun|other|f|15
region|مِنْطَقة|مَناطِق|noun|places|f|15
birthday, birthplace|مَوْلِد||noun|other|m|15
birth, birthday|ميلاد|مَواليد|noun|other|m|15
prophet|نَبيّ|أنْبياء|noun|religious|m|15
to congratulate, to felicitate|هَنَّأ (يُهَنِّئُ) تَهنئة||verb|||15
to be born (passive)|وُلِدَ (يولَدُ) وِﻻدة/مَوْلِد||verb|||15
social gathering|اِجْتِماع|اِجْتِماعات|noun|other|m|16
to use, to utilize, to employ|اِستَخدَمَ (يَستَخدِمُ) اِستِخدام||verb|||16
to become a martyr|اُسْتُشْهِدَ (يُستَشْهَدُ) اِسْتِشهاد||verb|||16
to establish, to found|أسَّسَ (يُؤَسِّسُ) تأسيس||verb|||16
black|أسْوَد|سود|noun|colors|m|16
to be assassinated|اُغْتيلَ (يُغتالُ) اِغتِيال||verb|||16
prince|أمير|أُمَراء|noun|titles|m|16
to elect|اِنْتَخَبَ (يَنتَخِبُ) اِنتِخاب||verb|||16
Andalusia, Muslim Spain|اﻷنْدَلُس||noun|places|f|16
history|تاريخ|تَواريخ|noun|subjects|m|16
discrimination|تَمييز||noun|other|m|16
to pass away|تُوُفِيَ (يُتَوَفّى) وَفاة||verb|||16
mosque|جامِع|جَوامِع|noun|Islam|m|16
prize, award|جائِزة|جَوائِز|noun|other|m|16
algebra|جَبْر||noun|subjects|m|16
to be wounded, to be hurt|جُرِحَ (يُجرَحُ) جَرح||verb|||16
republic|جُمهوريّة|جُمهوريّات|noun|other|f|16
army|جَيْش|جُيوش|noun|other|m|16
to fight|حارَبَ (يُحارِبُ) حَرْب/مُحارَبة||verb|||16
war|حَرْب|حُروب|noun|other|f|16
account|حِساب|حِسابات|noun|other|m|16
to acquire, to obtain, to get|حَصَلَ (يَحصُلُ) حُصول||verb|||16
to tell a story; to talk|حَكَى (يَحْكي) حِكاية||verb|||16
to go out; to exit|خَرَجَ (يَخرُجُ) خُروج||verb|||16
orator, preacher, speaker|خَطيب|خُطَباء|noun|occupations|m|16
to enter|دَخَلَ (يَدخُلُ) دُخول||verb|||16
to pay|دَفَعَ (يَدْفَعُ) دَفْع||verb|||16
defense|دِفاع|دِفاعات|noun|other|m|16
head|رأس|رُؤوس|noun|body|m|16
to reject|رَفَضَ (يَرفُضُ/يَرفِضُ) رَفْض||verb|||16
leader, president|رَئيس|رُؤَساء|noun|occupations|m|16
leader (popular)|زَعيم|زُعَماء|noun|occupations|m|16
young man|شابّ|شَباب|noun|people|m|16
poet|شاعِر|شُعَراء|noun|occupations|m|16
personality, character|شَخصِيّة|شَخصِيّات|noun|abstract|f|16
ranking officer|ضابِط|ضُبّاط|noun|other|m|16
to request, to order (e.g. in a restaurant)|طَلَبَ (يَطْلُب) طَلَب||verb|||16
Toulon (a town in southern France)|طولون||noun|places|f|16
scholar, scientist|عالِم|عُلَماء|noun|occupations|m|16
sociologist|عالِم اجْتِماع||noun|occupations|m|16
sociology|عِلْم اجْتِماع||noun|subjects|m|16
to introduce someone to someone else|عَرَّفَ (يُعَرِّف) تَعريف (على)||verb|||16
race, element|عُنصٌر|عَناصِر|noun|other|m|16
racial|عُنصُريّ||adj|other||16
philosophy|فَلْسَفة|فَلسَفات|noun|subjects|f|16
philosopher|فَيْلَسوف|فَلاسِفة|noun|occupations|m|16
to do, to perform|قامَ (يَقومُ) قِيام||verb|||16
law|قانون|قَوانين|noun|subjects|m|16
leader (military)|قائد|قادة|noun|occupations|m|16
nearby, close|قُرْب||adv|||16
village|قَرية|قُرى|noun|places|f|16
priest|قِسّيس|قِسّاوِسة|noun|religious|m|16
writer, scribe|كاتِب|كُتّاب/كَتَبة|noun|occupations|m|16
for the sake of (Syrian colloquial)|كرمال||phrase|||16
generous|كَريم|كُرَماء|adj|other||16
necessary|ﻻزِم||adj|common||16
lawyer, attorney, counsel|مُحامٍ|مُحامون|noun|occupations|m|16
mixed|مُشَكَّل||adj|other||16
introduction|مُقَدِّمة||noun|other|f|16
place, location|مَكان|أمْكِنة|noun|other|m|16
king|مَلِك|مُلوك|noun|occupations|m|16
good (Syrian colloquial)|مْنيح|امْناح|adj|common||16
historian|مُؤَرِّخ|مُؤَرِّخون|noun|occupations|m|16
to be sent into exile, to be expelled|نُفِيَ (يُنْفى) نَفْيٌ||verb|||16
now (Syrian colloquial)|هَللأ/هَلَّق|||common||16
minister|وَزير|وُزَراء|noun|occupations|m|16
foreigner|أَجْنَبيّ|أَجانِب|noun|other|m|17
foreign|أجْنَبيّ/أجْنَبيَّة||adj|other||17
to take|أَخَذَ (يَأخُذُ) أخْذ||verb|||17
to send|أرْسَلَ (يُرسِلُ) إرْسال||verb|||17
to receive (someone)|اِسْتَقبَلَ (يَسْتَقبِلُ) اِستِقبال||verb|||17
to believe|اِعتَقَدَ (يَعتَقِدُ) اِعتِقاد||verb|||17
inflammation, infection|اِلْتِهاب|اِلتِهابات|noun|medical|m|17
pain|أبَم|آلآم|noun|other|m|17
to hurt|آلَمَ (يُؤلِمُ)||verb|||17
as for, but, yet, however|أمّا||particle|||17
to finish, to come to an end|اِنْتَهى (يَنْتَهي) اِنتِهاء||verb|||17
to begin|بَدَأَ (يَبدَأُ) بَدْء||verb|||17
beginning|بِداية|بِدايات|noun|other|f|17
only (Syrian colloquial)|بَسّ|||||17
gate|بَوّابة|بَوّابات|noun|other|f|17
sitting|جالِس|جالِسون|noun|other|m|17
pill|حَبّة|حَبّات|noun|medical|m|17
government|حُكومة|حُكومات|noun|other|f|17
to carry|حَمَلَ (يَحْمِلُ) حَمْل||verb|||17
to see|رَأى (يَرى) رُؤية||verb|||17
housewife|رَبّةُ بَيْت|رِبّات بُيوت|noun|occupations|f|17
future marker (=will in Syrian colloquial)|رَح|||||17
colleague, coworker|زَميل|زُمَلاء|noun|people|m|17
mail carrier|ساعٍ|سُعاة (ساعي بَريد)|noun|occupations|m|17
to help, to assist|ساعَدَ (يُساعِدُ) مُساعَدة||verb|||17
safe, secure; healthy|سالِم|سالِمون|noun|other|m|17
reason, cause|سَبَب|أسْباب|noun|other|m|17
Syria, Damascus, Greater Syria|الشام||noun|places|f|17
drink, beverage, sherbert|شَراب|أشْرِبة، شَرابات|noun|food|m|17
opposite, anti-, adversary, opponent|ضِدٌّ|أضْداد|noun|other|m|17
molar tooth|ضِرْس|أضْراس، ضُروس|noun|body|m|17
physician, doctor|طَبيب|أَطِبّاء|noun|occupations|m|17
good|طَيِّب|طَيِّبون|noun|other|m|17
year|عام|أعْوام|noun|times|m|17
crowded (Syrian colloquial)|عَجْقة||noun|other|f|17
to know|عَلِمَ (يَعْلَمُ) عِلْم||verb|||17
sunset|غُروب||noun|times|m|17
rich, wealthy|غَنيّ|أغنِياء|noun|other|m|17
and, then, so|فـ||particle|||17
benefit, use, advantage|فائِدة|فَوائِد|noun|other|f|17
poor|فَقير|فُقَراء|noun|other|m|17
to worry|قَلِقَ (يَقْلَق) قَلَق||verb|||17
as|كَمل||particle|||17
electricity|كَهْرَباء||noun|other|f|17
not (particle used to negate past-tense verbs)|لَمْ||particle|||17
(a) night|لَيْلة|لَيالٍ|noun|times|f|17
except|ما عَدا||particle|||17
previous, last, past|ماضٍ (الماضي)||adj|common||17
blessed|مُبارَك||noun|other|m|17
school|مَدْرَسة|مَدارِس|noun|other|f|17
greeting|مُعايَدة|مُعايَدات|noun|other|f|17
written|مَكْتوب||noun|other|m|17
scholarship, grant, gift|مِنْحة|مِنَح|noun|other|f|17
existing, present|مَوْجود|مَوْجودون|noun|other|m|17
kind, sort|نَوْع|أنْواع|noun|other|m|17
to find|وَجَدَ (يَجِدُ) وُجود||verb|||17
furniture|أثاث||noun|household|m|18
to meet; to gather|اِجْتَمَعَ (يَجْتَمِع) اِجْتِماع||verb|||18
to lease, to let|أجَّر (يؤجِّر) تأجير||verb|||18
rent, wage, fare|أُجْرة|أُجور|noun|other|f|18
other|آخَر|آخَرون|noun|common|m|18
ground, land|أرض|أراضٍ|noun|other|f|18
couch|أريكة|أرائِك|noun|household|f|18
to rent, to hire|استأجَرَ (يَستأجِرُ) استِئجار||verb|||18
to use, to utilize, to employ|اِستَخدَمَ (يَستَخدِمُ) اِستِخدام||verb|||18
to please|أَعْجَبَ (يُعْجِبُ) إعْجاب||verb|||18
advertisement|إعْلان|إعْلانات|noun|other|m|18
in front of|أمامَ||prep|||18
to (infinitive)|أنْ||particle|||18
Europe|أوروبا||noun|places|f|18
rent|إيجار|إيجارات|noun|other|m|18
to sell|باعَ (يَبيعُ) بَيْع||verb|||18
refrigerator (Syria)|بَرّاد|بَرّادات|noun|household|m|18
far|بَعيد||adv|||18
grocer|بَقّال|بَقّالون|noun|occupations|m|18
local, popular|بَلَديّ||adj|other||18
bank (colloquial)|بَنْك|بُنوك|noun|locations|m|18
to be late|تَأخَّرَ (يَتَأخَّرُ) تَأخُّر||verb|||18
insurance|تأمين|تأمينات|noun|other|m|18
telephone (colloquial)|تَليفون|تَليفونات|noun|household|m|18
refrigerator (Egypt)|ثَلاّجة|ثلاّجات|noun|household|f|18
part|جُزْء|أجْزاء|noun|other|m|18
dishwasher|جَلاّية|جَلاّيات|noun|household|f|18
[Egyptian] pound|جُنَيه|جُنَيْهات|noun|other|m|18
park, garden|حَديقة|حَدائِق|noun|locations|f|18
[bath] tub|حَوْض|أحْواض|noun|household|m|18
servant|خادِم|خَدَم|noun|occupations|m|18
baker|خَبّاز|خَبّازون|noun|occupations|m|18
closet, cupboard|خِزانة|خَزائِن/خِزانات|noun|household|f|18
wood, lumber, timber|خَشَب|أخْشاب|noun|other|m|18
greengrocer|خُضَريّ|خُضَريّون|noun|occupations|m|18
behind|خَلفَ||prep|||18
shop, store|دُكّان|دَكاكين|noun|locations|f|18
dinar (Algeria, Bahrain, Iraq, Kuwait)|دينار|دَنانير|noun|other|m|18
water heater|سَخّان لِلماء||noun|other||18
truck|شاحِنة|شاحِنات|noun|transportation|f|18
company|شَرِكة|شَرِكات|noun|other|f|18
health|صِحّة||noun|other||18
floor, storey, flat|طابَق|طَوابِق|noun|other|m|18
in general, generally|على العُموم|||||18
to hang|عَلَّقَ (يُعَلِّقُ) تَعْليق||verb|||18
doctor's practice, clinic|عِيادة|عِيادات|noun|locations|f|18
bread (Egypt)|عَيش||noun|food|m|18
[butane] gas|غاز|غازات|noun|other|m|18
washing machine|غَسّالة|غَسّالات|noun|household|f|18
deluxe, fancy, excellent, luxurious|فاخِر||adj|other||18
[Syrian] pound; lira|لَيْرة|لَيْرات|noun|other|f|18
meter|م (مِتْر)|أمْتار|noun|other|m|18
kitchen sink|مَجْلى|مَجالٍ|noun|household|m|18
bakery|مَخْبَز|مَخابِز|noun|locations|m|18
[floor] plan, map|مُخَطَّط|مُخَطّطات|noun|other|m|18
mirror|مِرْآة|مَرايا|noun|household|f|18
toilet|مِرْحاض|مَراحيض|noun|household|m|18
elevated|مُرْتَفِع||adj|other||18
comfortable|مُريح||adj|other||18
lamp|مِصْباح|مَصابيح|noun|household|m|18
bank|مَصْرِف|مَصارِف|noun|locations|m|18
overlooking|مُطِلٌّ||noun|other||18
washbasin, bathroom sink|مَغْسَلة|مَغاسِل|noun|household|f|18
opposite, across from|مُقابِل||adv|||18
clothes|مَلبَس|مَلابِس|noun|clothing|m|18
[cooking] range|مَوْقِد|مَواقِد|noun|household|m|18
[bus] stop, parking lot|مَوْقِف|مَواقِف|noun|transportation|m|18
spacious, large|واسِع||adj|other||18
there is/are, to exist|وُجِدَ (يوجَدُ)||verb|||18
to put|وَضَعَ (يَضَعُ) وَضْع||verb|||18
to be located; fall down|وَقَعَ (يَقَعُ) وُقوع/وَقْع||verb|||18
left|يَسار||noun|directions|m|18
right|يَمين||noun|directions|m|18
to return|آبَ (يَؤوبُ) إياب||verb|||19
white|أبيَض|بيض|noun|colors|m|19
ruin, antiquity, artifact, relic|أثَر|آثار|noun|other|m|19
to respond, to answer|أجابَ (يُجيبُ) إجابة||verb|||19
then, therefore|إذاً|||||19
to be able, can|استَطاعَ (يَستَطيعُ) استِطاعة||verb|||19
to enjoy|استَمتَعَ (يَستَمتِعُ) استِمتاع||verb|||19
until|إلى أنْ|||||19
apparatus, device, gadget, machine|آلة|آلات|noun|other|f|19
to meet, converge, encounter|التَقى (يَلتَقي) التِقاء||verb|||19
to take, make (a picture)|التَقَطَ (يَلتَقِطُ) التِقاط||verb|||19
who, that|الّّتي||noun|other|f|19
who, that|الَّذي||noun|other|m|19
to examine, to test|امتَحَنَ (يَمتَحِنُ) امتِحان||verb|||19
early|باكِراً||adv|||19
mail, post|بَريد||noun|other|m|19
to remain, to stay|بَقِيَ (يَبْقى) بَقاء||verb|||19
to build, to construct|بَنى (يَبني) بِناء||verb|||19
to wander about, to tour|تَجَوَّلَ (يَتَجَوَّلُ) تَجَوُّل||verb|||19
ticket|تَذكِرة|تَذاكِر|noun|other|f|19
statue|تِمثال|تَماثيل|noun|other|m|19
to eat; to take; to reach for something|تَناوَلَ (يَتَناوَلُ) تَناوُل||verb|||19
camel|جَمَل|جِمال|noun|animals|m|19
liberty, freedom|حُرِّيّة|حُرِّيّات|noun|abstract|f|19
animal|حَيَوان|حَيَوانات|noun|animals|m|19
always|دائماً||adv|||19
to smoke (e.g. a cigarette)|دَخَّنَ (يُدَخِّنُ) تَدْخين||verb|||19
to go (Syrian colloquial)|راح (يروح) على||verb|||19
to hope|رَجا (يَرجو)رَجاء||verb|||19
to ride, to mount|رَكِبَ (يَركَبُ) رُكوب||verb|||19
square, courtyard|ساحة|ساحات|noun|locations|f|19
unsweetened coffee|سادة||noun|food||19
to move, to walk, to travel, to march, to follow|سارَ (يَسيرُ) سَيْر||verb|||19
happy, pleased, joyful|سَعيد|سُعَداء|adj|other|m|19
question, query|سُؤال|أسئِلة|noun|other|m|19
to witness, to see, to watch|شاهَدَ (يُشاهِدُ) مُشاهَدة||verb|||19
waterfall|شَلاّل|شَلاّلات|noun|other|m|19
north|شَمال||noun|directions|m|19
thing, object|شَيْء|أشياء|noun|common|m|19
bon appétit (Syrian colloquial)|صَحّة و هَنا||phrase|||19
industry|صِناعة|صِناعات|noun|other|f|19
to make a picture, to portray, to illustrate|سَوَّرَ (يُصَوِّرُ) تَصوير||verb|||19
way, road|طَريق|طُرُق، طُرُقات|noun|directions|f|19
number (quantity)|عَدَد|أعْداد|noun|other|m|19
show, demonstration, performance|عَرْض|عُروض|noun|entertainment|m|19
dear, esteemed, beloved|عَزيز|أعِزّاء|noun|descriptive|m|19
great, important, imposing|عَظيم|عُظَماء|noun|descriptive|m|19
expensive, dear|غالٍ||noun|descriptive|m|19
often, mostly, generally|غالِباً||adv|||19
west|غَرْب||noun|directions|m|19
pharoah|فِرعَون|فَراعِنة|noun|titles|m|19
band, company, troupe|فِرقة|فِرَق، أفْرِقة|noun|other|f|19
boat|قارِب|قَوارِب|noun|transportation|m|19
to gamble|قامَرَ (يُقامِرُ) مُقامَر، قِمار||verb|||19
to serve, to provide|قَدَّمَ (يُقَدِّمُ) تَقديم||verb|||19
also, as well|كَذلِكَ|||||19
kilometer|كيلومِتر|كيلومِترات|noun|measurements|m|19
at (expressing possession)|لَدى||prep|||19
game, play, ride|لُعبة|لُعبات، ألعاب|noun|entertainment|f|19
building, construction|مَبنى|مَبانٍ|noun|other|m|19
museum|مُتحَف|مَتاحِف|noun|locations|m|19
loving|مُحِبّ|مُحِبّون|noun|descriptive||19
sincere, faithful, (sincerely yours)|مُخلِص|مُخلِصون|noun|descriptive|m|19
period, duration|مُدّة|مُدَد|noun|times|f|19
to pass, to go by|مَرَّ (يَمُرُّ) مُرور||verb|||19
mosque|مَسجِد|مَساجِد|noun|Islam|m|19
theater, stage|مَسرَح|مَسارِح|noun|entertainment|m|19
one who is longing, yearning|مُشْتاق|مُشْتاقون|noun|other||19
elevator, lift|مِصعَد|مَصاعِد|noun|other|m|19
though, although|مَعَأنَّ|||||19
coming, next, following|مُقبِل|مُقبِلون|noun|common|m|19
place, location|مَكان|أمْكِنة|noun|other|m|19
million|مِليون||noun|numbers|m|19
since, for|مُنْدُ||prep|||19
square, field, arena|مَيدان|مَيادين|noun|locations|m|19
port|ميناء|مَوانِئ|noun|locations|m|19
person (used in population counts)|نَسَمة|نَسَمات|noun|people|f|19
important, significant|هامٌّ|هامّون|noun|descriptive||19
pyramid|هَرَم|أهرام/أهرامات|noun|other|m|19
father, parent|والِد|والِدون|noun|family|m|19
never, not at all|أبَداً||adv|||20
to hold, to contain|اتَّسَعَ (يَتَّسِعُ) اتِّساع||verb|||20
to contact|اِتَّصَلَ (يَتَّصِلُ) اِتِّصال (بـ)||verb|||20
to agree (with someone)|اِتَّفَقَ (يَتَّفِقُ) اِتِّفاق (مَعَ)||verb|||20
pear|إجّاص||noun|food|m|20
red|أحمَر|حُمْر|adj|colors||20
to notify, to inform|أخْبَرَ (يُخْبِرُ) إخْبار||verb|||20
blue|أزرَق|زُرْق|adj|colors||20
to use, to utilize, to employ|استَخدَمَ (يَستَخدِمُ) استِخدام||verb|||20
yellow|أصْفَر|صُفْر|adj|colors||20
eggplant|باذِنجان||noun|food|m|20
green peas|بازِلاء||noun|food|f|20
ochra|بامْية||noun|food|f|20
slowly|بِبُطءٍ||adv|||20
seed, kernel|بِذرة|بُذور|noun|plants|f|20
watermelon|بِطّيخ||noun|food|m|20
cow, cattle|بَقَرة|أبْقار/بَقَر|noun|animals|f|20
to remain, to stay|بَقِيَ (يَبْقى) بَقاء||verb|||20
tomato|بَنَدورة (طَماطِم في مصر)||noun|food|f|20
white|بَيضاء|بيض|adj|colors|f|20
spice, condiment, seasoning|تابِل|تَوابِل|noun|food|m|20
approximately, about, nearly, roughly|تَقريباً||adv|||20
berry|توت||noun|food|m|20
garlic|ثوم||noun|food|m|20
to run, to flow, to hurry, to rush, to happen, to occur|جَرى (يَجري) جَري||verb|||20
horse|حِصان|أحْصِبة|noun|animals|m|20
lettuce|خَسّ||noun|food|m|20
especially, particularly|جُصوصاً||adv|||20
party|حَفْلة|حَفَلات|noun|entertainment|f|20
corn|ذُرة||noun|food|f|20
perhaps, probably|رُبَّما||adv|||20
basket|سَلّة|سِلال|noun|other|f|20
a kind of toasted thin bread|سَميط||noun|food|m|20
to explain, to explain, to illustrate|شَرَحَ (يَشرَحُ) شَرْح||noun|v||20
sandwich|شَطيرة|شَطائِر|noun|food|f|20
to grill, to boil|شَوى (يَشوي) شَي||verb|||20
to laugh|ضَحِكَ (يَضْحَكُ) ضِحْك||verb|||20
public|عامّ||adj|other||20
stick, rod, cane|عَصا|عُصِيّ|noun|other|f|20
it seems; it appears|على ما يَبْدو (أنّ)||phrase|||20
grape|عِنَب||noun|food|m|20
non-, un-, other than, different from|غَيْر||noun|other|m|20
to win|فازَ (يفوزُ) فَوز||verb|||20
green beans|فاصولية||noun|food|f|20
team, company, band, troupe|فَريق|فِرَق|noun|other|f|20
to think, to reflect, to ponder (not to believe)|فَكَّرَ (يُفَكِّرُ) تَفْكير||verb|||20
green (bell) pepper|فُلَيفُلة||noun|food|f|20
to understand, to comprehend, to realize|فَهِمَ (يَفْهَمُ) فَهْم||verb|||20
peanuts|فول (سوداني)||noun|food|m|20
rule, principle, basis, foundation, base|قاعِدة|قَواعِد|noun|other|f|20
cauliflower|قَرنَبيط||noun|food|m|20
like, as|كَــ||prep|||20
sufficient|كافٍ (الكافي)||participle|||20
ball, sphere|كُرة|كُرات|noun|other|f|20
basketball|كُرةُ السَلّة||noun|sports||20
table tennis|كُرةُ الطاولة||noun|sports||20
volleyball|الكُرةُ الطائرة||noun|sports||20
football/soccer|كُرةُ القَدَم||noun|sports||20
water polo|كُرةُ الماء||noun|sports||20
tennis|كُرةُ المَضرِب||noun|sports||20
zucchini|كوسا||noun|food|m|20
kernel, seed|لُبّ|لُبوب|noun|plants|m|20
delicious, delightful, tasty|لَذيذ||adj|other|m|20
to play|لَعِبَ (يَلعَبُ) لُعْب||verb|||20
no longer|لَمْ يَعُدْ|||||20
soda|ماء غازيّ|مِياه غازيّة|noun|food|f|20
match, game|مُباراة|مُبارَيات|noun|sports|f|20
spectator|مُتَفَرِّج|ون|noun|sports|m|20
roasted, toasted|مُحَمَّص||adj|food|m|20
grill, gridiron|مِشواة|مَشاوٍ|noun|other|f|20
grilled|مَشويّ||adj|food||20
preferred, favorite|مُفَضَّل||adj|other|m|20
banana|مَوْز||noun|food|m|20
small, spicy mutton sausage|نَقانِق (أو مَقانِق)||noun|food||20
time|وَقْت|أوْقات|noun|other|m|20
during|أثْناء|||||21
Asia|آسيا||noun|places|f|21
to overlook|أطَلَّ (يُطِلُّ) إطْلال||verb|||21
Atlantic|أطلَسيّ||adj|places||21
to discharge a firearm, to shoot; to dispatch|أطْلَقَ (يُطْلِق) إطْلاق||verb|||21
to consider|اِعتَبَرَ (يَعتَبِرُ) اِعتِبار||verb|||21
top, highest point, upper|أعْلى|أعالٍ|noun|common|m|21
Africa|إفريقية||noun|places|f|21
region|إقليم|أقاليم|noun|places|m|21
to produce|أنتَجَ (يُنتِجُ) إنتاج||verb|||21
to be interrupted, to be severed|اِنقَطَعَ (يَنقَطِعُ) اِنقِطاع||verb|||21
Iran|إيران||noun|places||21
semi-arid desert|بادِية|بَوادٍ|noun|geography|f|21
merchandise, goods|بِضاعة|بَضائِع|noun|other|f|21
ice cream|بوظة||noun|food|f|21
to consist of, to comprise|تَأَلَّفَ (يَتَألَّفُ) تَألُّف||verb|||21
traditional|تَقْليديّ||adj|other||21
date (fruit)|تَمْر|تُمور|noun|food|m|21
hole|ثَقْب|ثُقوب|noun|other|m|21
mountain|جَبَل|جِباب|noun|geography|m|21
to test, to try (not to attempt)|جَرَّبَ (يُجَرِّبُ) تَجْرِبة||verb|||21
island|جَزيرة|جُزُر|noun|geography|f|21
geography|جغرافية||noun|subjects|m|21
south|جَنوب||noun|directions|m|21
device, apparatus, appliance|جِهاز|أجهِزة|noun|other|m|21
to border, to demarcate, to limit|حدَّ (يَحُدُّ) حَدّ||verb|||21
border, edge, boundary, borderline|حَدّ|حُدود|noun|other|m|21
shoe|حِذاء|أحْذية|noun|clothing|m|21
map|خَريطة|خَرائِط|noun|directions|f|21
fertile|خَصيب||adj|other||21
gulf, bay|خَليج|خُلجان|noun|geography|m|21
passenger, rider|راكِب|رُكّاب|noun|transportation|m|21
trip, journey, flight|رِحْلة|رِحلات|noun|transportation|f|21
bullets; lead|رَصاص||noun|other|m|21
to irrigate, to water|رَوى (يَروي) رَيّ||verb|||21
to plant, to cultivate|زَرَعَ (يَزرَعُ) زَرْع، زِراعة||verb|||21
coast, shore|ساحِل|سَواحِل|noun|geography|m|21
ceiling|سَقْف|سُقوف|noun|household|m|21
range, series, chain|سِلسِلة|سَلاسِل|noun|geography|f|21
plain|سَهل|سُهول|noun|geography|m|21
semi-, quasi, similarity|شِبْه|أشباه|noun|other|m|21
emblem, sign, slogan|شِعار|شِعارات، أشعِرة|noun|other|m|21
to form, to constitute|شَكَّلَ (يُشَكِّلُ) تَشكيل||verb|||21
to flow into|صَبَّ (يصُبُّ) صَبّ||verb|||21
desert|صَحْراء|صَحاري|noun|geography|f|21
to manufacture, to make|صَنَعَ (يَصنَعُ) صِناعة||verb|||21
characteristic|صِفة|صِفات|noun|other|f|21
narrow, tight|ضَيِّق||adj|other||21
capital city|عاصِمة|عَواصِم|noun|places|f|21
high, elevated|عالٍ (العالي)||adj|other||21
several, multiple|عَديد||adj|common||21
throughout, all the way|على طُول|||||21
flag, banner|عَلَم|أعْلام|noun|other|m|21
pistachio|فُسْتُق||noun|food|m|21
continent|قارّة|قارّات|noun|geography|f|21
country|قُطْر|أقْطار|noun|places|m|21
cotton|قُطْن||noun|plants|m|21
wheat|قَمْح||noun|food|m|21
both|كِلا||noun|common||21
what|ما||particle|||21
ocean|مُحيط|مُحيطات|noun|geography|m|21
square|مُرَبَّع||adj|other||21
area|مِساحة|مِساحات|noun|other|f|21
made (of/from)|مَصْنوع (مِن)||participle|||21
covered (with)|مُغَطَّى (بِــ)||participle|||21
Mexico|المِكسيك||noun|places|f|21
product|مُنتَج|مُنتَجات|noun|other|m|21
outlet|مَنْفَذ|مَنافِذ|noun|household|m|21
to spring, to originate, to flow|نَبَعَ (يَنبُعُ) نَبْع||verb|||21
section, manner, mode, fashion|نَحْو|أنْحاء|noun|other|m|21
textile, tissue, fabric|نِسيج||noun|other|m|21
petroleum, crude oil|نِفْط||noun|other|m|21
Pacific|الهادي||adj|places||21
middle, central|وَسَط|أوساط|noun|common|m|21
for the sake of, because of|أجْل (مِن أجْلِ)|||||22
broadcasting station|إذاعَة|ات|noun|entertainment|f|22
to listen|اِسْتَمَعَ (يَسْتَمِعُ) اِسْتِماع||verb|||22
to enroll in, to subscribe to|اِشْتَرَكَ (يَشْتَرِكُ)اِشْتِراك||verb|||22
song|أُغبِية|أغانٍ|noun|entertainment|f|22
to be possible|أمْكَنَ (يُمكِنُ) إمْكان||verb|||22
to broadcast|بَثَّ (يَبُثُّ) بَثّ||verb|||22
a few|بِضْع||noun|other||22
to guess|حَزَرَ (يحْزِرُ) حَزْر||verb|||22
to improve, to make better|حَسَّنَ (يحَسِّنُ) تَحْسين||verb|||22
a living person|حَيّ|أحْياء|noun|people|m|22
during, through|خِلال||prep|||22
to dance|رَقَصَ (يرقُصُ) رَقْص||verb|||22
wire|سِلْك|أسْلاك|noun|other|m|22
to hear|سَمِعَ (يَسْمَع) سَمْع||verb|||22
tape|شَريط|أشْرِطة|noun|other|m|22
person|شَخْص|أشْخاص|noun|people|m|22
honestly, candidly|صَراحةً (بِصَراحة)||noun|other|f|22
of course|طَبْعاً||adv|||22
nature|طَبيعة||noun|other|f|22
child|طِفْل|أطْفال|noun|people|m|22
to appear, to become visible|ظَهَرَ (يَظهَرُ) ظُهور||verb|||22
to go back, to return|عادَ (يعودُ) عَوْد||verb|||22
colloquial, vulgar, dialectal|عاميّ||adj|other||22
to sing|غَنّى (يُغَنّي) غِناء||verb|||22
riddle|فَزّورة|فَوازير|noun|other|f|22
pure, good, clear, standard, or literary, Arabic|فَصيح||adj|other||22
space|فَضاء||noun|other|m|22
moon, satellite|قَمَر|أقْمار|noun|other|m|22
channel|قَناة|قَنَوات|noun|entertainment|f|22
cable|كيبِل||noun|other|m|22
what|ما|||||22
to die|ماتَ (يموتُ) مَوْت||verb|||22
married man|مُتَزَوِّج|ون|noun|people|m|22
free of charge|مَجّانيّ||adj|other||22
announcer|مُذيع|ون|noun|occupations|m|22
series, serial|مُسَلَسل|مُسَلسَلات|noun|other|m|22
entertainer|مُطْرِب|مُطْرِبون|noun|occupations|m|22
singer|مُغَنٍّ|ون|noun|occupations|m|22
interview|مُقابَلة|ات|noun|other|f|22
excellent|مُمْتاز|ون|adj|common||22
actor, representative|مُمَثِّل|ون|noun|occupations|m|22
by means of, via|مِن خِلالِ|||||22
wave|مَوْجة|ات|noun|other|f|22
bulletin, report|نَشْرة|نَشَرات|noun|other|f|22
system|نِظام|أنْظِمة|noun|other|f|22
to differ (from)|اِخْتَلَفَ (يَخْتَلِفُ) اِخْتِلاف (عَن)||verb|||23
to rise, to be higher|اِرتَفَعَ (يَرتَفِعُ) اِرتِفاع||verb|||23
to host|اِستَضافَ (يستَضيفُ) استِضافة||verb|||23
to long (for), to yearn|اِشْتاقَ (يَشْتاقُ) اِشْتِياق (لــ/ألى)||verb|||23
to insist|أصَرَّ (يُصِرُّ) إصْرار||verb|||23
to believe|اِعتَقَدَ (يَعتَقِدُ) اِعتِقاد||verb|||23
to draw near, get close (to)|اِقْتَرَبَ (يَقْتَرِبُ) اِقْتِراب (مِن)||verb|||23
if|إنْ||particle|||23
to wait|اِنتَظَرَ (يَنْتَظِرُ) اِنتِظار||verb|||23
immensely, greatly|أيَّما||noun|other||23
simple|بَسيط|بُسطاء|adj|other||23
visa|تأشيرة دُخول||noun|other|f|23
to push, shove one another|تَدافَعَ (يَتَدافَعُ) تَدافُع||verb|||23
to be acquainted with|تَعَرَّفَ (يَتَعَرَّفُ) تَعَرُّف (على)||verb|||23
to be accustomed to|تَعَوَّدَ (يَتَعَوَّدُ) تَعَوُّد (على)||verb|||23
to stroll; to have a good time; to go on a picnic|تَنَزَّهَ (يَتَنَزَّهُ) تَنَزُّه||verb|||23
passport|جَواز (سَفر)||noun|other|m|23
to attend, to be present|حَضَرَ (يحْضُرُ) حُضور||verb|||23
outside|خارِج||noun|other||23
to diminish the difficulty of|خَفَّفَ (يُخَفِّفُ) تَخْفيف (عَن)||verb|||23
caliph, successor|خَليفة|خُلَفاء|noun|titles|m|23
class, step, level, degree|دَرَجة|دَرَجات|noun|other|f|23
to pay|دَفَعَ (يَدْفَعُ) دَفْع||verb|||23
trip, journey, flight|رِحْلة|رِحلات|noun|transportation|f|23
to drive|ساقَ (يَسوقُ) سِياقة||verb|||23
silly, absurd, foolish|سَخيف|سُخَفاء|adj|other||23
to please, to be glad|سَرَّ (يَسُرُّ) سُرور||verb|||23
surface, level|سَطْح|سُطوح|noun|other|m|23
political|سِياسيّ||adj|other||23
interesting, thrilling|شَيِّق||adj|other||23
journalist|صَحَفِيّ|ون|noun|occupations|m|23
newspaper|صَحيفة|صُحُف|noun|entertainment|f|23
to laugh|ضَحِكَ (يَضْحَكُ) ضِحْك||verb|||23
to cross|عَبَرَ (يَعبُرُ) عُبور||verb|||23
opposite, reverse, contrary|عَكْس||noun|other||23
to leave|غادَرَ (يُغادِرُ) مُغادَرة||verb|||23
peasant, farmworker|فَلاّح|ون|noun|people|m|23
denotes completed action, emphasis, or possibility|قَد||particle|||23
a relative|قَريب|أقارِب|noun|family|m|23
heart|قَلْل|قُلوب|noun|body|m|23
as, like|كَــ||prep|||23
hospitality, generosity|كَرَم||noun|abstract|m|23
speech, speaking|كَلام||noun|other|m|23
player|لاعِب|ون|noun|sports|m|23
denotes completed action, emphasis, or possibility (variation)|لَقَد||particle|||23
society, community|مُجْتَمَع|مُجْتَمَعات|noun|other|m|23
accountant|مُحاسِب|ون|noun|occupations|m|23
crowded|مُزدَحِم||adj|other||23
farm|مَزْرَعة|مَزارع|noun|locations|f|23
recorded|مُسَجَّل||adj|other||23
factory, plant|مَصْنَع|مَصانِع|noun|locations|m|23
tablecloth|مَفرَش|مَفارِش|noun|household|m|23
seat, bench, armchair|مَقْعَد|مَقاعِد|noun|household|m|23
enjoyable|مُمْتِع||participle|||23
polluted|مُلَوَّث||adj|other||23
house, residence|مَنزِل|مَنازِل|noun|household|m|23
view, panorama|مَنْظَر|مَناظِر|noun|other|m|23
means of transportation|مُواصَلة|مُواصَلات|noun|transportation|f|23
waiter|نادِل|نُدُل|noun|occupations|m|23
mint, peppermint|نَعناع||noun|food|m|23
pure|تَقيّ||adj|other||23
quiet, serene|هادِئ||adj|other||23
present, gift|هَدِيّة|هَدايا|noun|other|f|23
